,year,doy,hr,kp,ssn,dst,f10_7
2020-08-02 00:00:00,YEAR,DOY,HR,1,2,3,4.0
2020-08-02 01:00:00,2020,215,0,3,15,18,74.9
2020-08-02 02:00:00,2020,215,1,3,15,16,74.9
2020-08-02 03:00:00,2020,215,2,3,15,10,74.9
2020-08-02 04:00:00,2020,215,3,7,15,7,74.9
2020-08-02 05:00:00,2020,215,4,7,15,6,74.9
2020-08-02 06:00:00,2020,215,5,7,15,11,74.9
2020-08-02 07:00:00,2020,215,6,10,15,17,74.9
2020-08-02 08:00:00,2020,215,7,10,15,14,74.9
2020-08-02 09:00:00,2020,215,8,10,15,19,74.9
2020-08-02 10:00:00,2020,215,9,27,15,22,74.9
2020-08-02 11:00:00,2020,215,10,27,15,21,74.9
2020-08-02 12:00:00,2020,215,11,27,15,12,74.9
2020-08-02 13:00:00,2020,215,12,33,15,-2,74.9
2020-08-02 14:00:00,2020,215,13,33,15,-14,74.9
2020-08-02 15:00:00,2020,215,14,33,15,-12,74.9
2020-08-02 16:00:00,2020,215,15,30,15,-14,74.9
2020-08-02 17:00:00,2020,215,16,30,15,-14,74.9
2020-08-02 18:00:00,2020,215,17,30,15,-7,74.9
2020-08-02 19:00:00,2020,215,18,20,15,0,74.9
2020-08-02 20:00:00,2020,215,19,20,15,3,74.9
2020-08-02 21:00:00,2020,215,20,20,15,9,74.9
2020-08-02 22:00:00,2020,215,21,30,15,-3,74.9
2020-08-02 23:00:00,2020,215,22,30,15,-8,74.9
2020-08-03 00:00:00,2020,215,23,30,15,-5,74.9
2020-08-03 01:00:00,2020,216,0,33,11,-2,74.8
2020-08-03 02:00:00,2020,216,1,33,11,-1,74.8
2020-08-03 03:00:00,2020,216,2,33,11,-2,74.8
2020-08-03 04:00:00,2020,216,3,33,11,-19,74.8
2020-08-03 05:00:00,2020,216,4,33,11,-17,74.8
2020-08-03 06:00:00,2020,216,5,33,11,-16,74.8
2020-08-03 07:00:00,2020,216,6,30,11,-22,74.8
2020-08-03 08:00:00,2020,216,7,30,11,-20,74.8
2020-08-03 09:00:00,2020,216,8,30,11,-28,74.8
2020-08-03 10:00:00,2020,216,9,27,11,-30,74.8
2020-08-03 11:00:00,2020,216,10,27,11,-18,74.8
2020-08-03 12:00:00,2020,216,11,27,11,-12,74.8
2020-08-03 13:00:00,2020,216,12,23,11,-7,74.8
2020-08-03 14:00:00,2020,216,13,23,11,-7,74.8
2020-08-03 15:00:00,2020,216,14,23,11,-9,74.8
2020-08-03 16:00:00,2020,216,15,33,11,-8,74.8
2020-08-03 17:00:00,2020,216,16,33,11,-3,74.8
2020-08-03 18:00:00,2020,216,17,33,11,-7,74.8
2020-08-03 19:00:00,2020,216,18,30,11,-13,74.8
2020-08-03 20:00:00,2020,216,19,30,11,-16,74.8
2020-08-03 21:00:00,2020,216,20,30,11,-16,74.8
2020-08-03 22:00:00,2020,216,21,33,11,-15,74.8
2020-08-03 23:00:00,2020,216,22,33,11,-21,74.8
2020-08-04 00:00:00,2020,216,23,33,11,-18,74.8
2020-08-04 01:00:00,2020,217,0,20,11,-14,75.1
2020-08-04 02:00:00,2020,217,1,20,11,-13,75.1
2020-08-04 03:00:00,2020,217,2,20,11,-18,75.1
2020-08-04 04:00:00,2020,217,3,33,11,-21,75.1
2020-08-04 05:00:00,2020,217,4,33,11,-20,75.1
2020-08-04 06:00:00,2020,217,5,33,11,-15,75.1
2020-08-04 07:00:00,2020,217,6,13,11,-13,75.1
2020-08-04 08:00:00,2020,217,7,13,11,-12,75.1
2020-08-04 09:00:00,2020,217,8,13,11,-11,75.1
2020-08-04 10:00:00,2020,217,9,17,11,-10,75.1
2020-08-04 11:00:00,2020,217,10,17,11,-9,75.1
2020-08-04 12:00:00,2020,217,11,17,11,-5,75.1
2020-08-04 13:00:00,2020,217,12,13,11,-5,75.1
2020-08-04 14:00:00,2020,217,13,13,11,-5,75.1
2020-08-04 15:00:00,2020,217,14,13,11,-5,75.1
2020-08-04 16:00:00,2020,217,15,13,11,-2,75.1
2020-08-04 17:00:00,2020,217,16,13,11,-1,75.1
2020-08-04 18:00:00,2020,217,17,13,11,-3,75.1
2020-08-04 19:00:00,2020,217,18,13,11,-3,75.1
2020-08-04 20:00:00,2020,217,19,13,11,-6,75.1
2020-08-04 21:00:00,2020,217,20,13,11,-10,75.1
2020-08-04 22:00:00,2020,217,21,17,11,-8,75.1
2020-08-04 23:00:00,2020,217,22,17,11,-11,75.1
2020-08-05 00:00:00,2020,217,23,17,11,-13,75.1
2020-08-05 01:00:00,2020,218,0,17,12,-11,75.6
2020-08-05 02:00:00,2020,218,1,17,12,-8,75.6
2020-08-05 03:00:00,2020,218,2,17,12,-11,75.6
2020-08-05 04:00:00,2020,218,3,13,12,-12,75.6
2020-08-05 05:00:00,2020,218,4,13,12,-11,75.6
2020-08-05 06:00:00,2020,218,5,13,12,-14,75.6
2020-08-05 07:00:00,2020,218,6,10,12,-14,75.6
2020-08-05 08:00:00,2020,218,7,10,12,-12,75.6
2020-08-05 09:00:00,2020,218,8,10,12,-11,75.6
2020-08-05 10:00:00,2020,218,9,7,12,-11,75.6
2020-08-05 11:00:00,2020,218,10,7,12,-11,75.6
2020-08-05 12:00:00,2020,218,11,7,12,-9,75.6
2020-08-05 13:00:00,2020,218,12,7,12,-7,75.6
2020-08-05 14:00:00,2020,218,13,7,12,-7,75.6
2020-08-05 15:00:00,2020,218,14,7,12,-4,75.6
2020-08-05 16:00:00,2020,218,15,10,12,-2,75.6
2020-08-05 17:00:00,2020,218,16,10,12,-3,75.6
2020-08-05 18:00:00,2020,218,17,10,12,-5,75.6
2020-08-05 19:00:00,2020,218,18,23,12,-4,75.6
2020-08-05 20:00:00,2020,218,19,23,12,-7,75.6
2020-08-05 21:00:00,2020,218,20,23,12,-5,75.6
2020-08-05 22:00:00,2020,218,21,13,12,-7,75.6
2020-08-05 23:00:00,2020,218,22,13,12,-12,75.6
2020-08-06 00:00:00,2020,218,23,13,12,-15,75.6
2020-08-06 01:00:00,2020,219,0,7,14,-16,75.1
2020-08-06 02:00:00,2020,219,1,7,14,-16,75.1
2020-08-06 03:00:00,2020,219,2,7,14,-13,75.1
2020-08-06 04:00:00,2020,219,3,13,14,-7,75.1
2020-08-06 05:00:00,2020,219,4,13,14,-2,75.1
2020-08-06 06:00:00,2020,219,5,13,14,1,75.1
2020-08-06 07:00:00,2020,219,6,3,14,1,75.1
2020-08-06 08:00:00,2020,219,7,3,14,0,75.1
2020-08-06 09:00:00,2020,219,8,3,14,-2,75.1
2020-08-06 10:00:00,2020,219,9,7,14,-5,75.1
2020-08-06 11:00:00,2020,219,10,7,14,-3,75.1
2020-08-06 12:00:00,2020,219,11,7,14,-1,75.1
2020-08-06 13:00:00,2020,219,12,17,14,-3,75.1
2020-08-06 14:00:00,2020,219,13,17,14,-8,75.1
2020-08-06 15:00:00,2020,219,14,17,14,-6,75.1
2020-08-06 16:00:00,2020,219,15,13,14,-6,75.1
2020-08-06 17:00:00,2020,219,16,13,14,-8,75.1
2020-08-06 18:00:00,2020,219,17,13,14,-9,75.1
2020-08-06 19:00:00,2020,219,18,7,14,-12,75.1
2020-08-06 20:00:00,2020,219,19,7,14,-10,75.1
2020-08-06 21:00:00,2020,219,20,7,14,-4,75.1
2020-08-06 22:00:00,2020,219,21,20,14,-7,75.1
2020-08-06 23:00:00,2020,219,22,20,14,-14,75.1
2020-08-07 00:00:00,2020,219,23,20,14,-16,75.1
2020-08-07 01:00:00,2020,220,0,17,17,-13,76.0
2020-08-07 02:00:00,2020,220,1,17,17,-14,76.0
2020-08-07 03:00:00,2020,220,2,17,17,-14,76.0
2020-08-07 04:00:00,2020,220,3,10,17,-13,76.0
2020-08-07 05:00:00,2020,220,4,10,17,-13,76.0
2020-08-07 06:00:00,2020,220,5,10,17,-11,76.0
2020-08-07 07:00:00,2020,220,6,0,17,-5,76.0
2020-08-07 08:00:00,2020,220,7,0,17,-3,76.0
2020-08-07 09:00:00,2020,220,8,0,17,-2,76.0
2020-08-07 10:00:00,2020,220,9,3,17,-2,76.0
2020-08-07 11:00:00,2020,220,10,3,17,-2,76.0
2020-08-07 12:00:00,2020,220,11,3,17,2,76.0
2020-08-07 13:00:00,2020,220,12,3,17,4,76.0
2020-08-07 14:00:00,2020,220,13,3,17,5,76.0
2020-08-07 15:00:00,2020,220,14,3,17,4,76.0
2020-08-07 16:00:00,2020,220,15,3,17,3,76.0
2020-08-07 17:00:00,2020,220,16,3,17,0,76.0
2020-08-07 18:00:00,2020,220,17,3,17,0,76.0
2020-08-07 19:00:00,2020,220,18,7,17,1,76.0
2020-08-07 20:00:00,2020,220,19,7,17,1,76.0
2020-08-07 21:00:00,2020,220,20,7,17,1,76.0
2020-08-07 22:00:00,2020,220,21,13,17,-2,76.0
2020-08-07 23:00:00,2020,220,22,13,17,-3,76.0
2020-08-08 00:00:00,2020,220,23,13,17,-1,76.0
2020-08-08 01:00:00,2020,221,0,20,12,-3,76.8
2020-08-08 02:00:00,2020,221,1,20,12,-6,76.8
2020-08-08 03:00:00,2020,221,2,20,12,-5,76.8
2020-08-08 04:00:00,2020,221,3,17,12,-4,76.8
2020-08-08 05:00:00,2020,221,4,17,12,-4,76.8
2020-08-08 06:00:00,2020,221,5,17,12,-5,76.8
2020-08-08 07:00:00,2020,221,6,13,12,-8,76.8
2020-08-08 08:00:00,2020,221,7,13,12,-10,76.8
2020-08-08 09:00:00,2020,221,8,13,12,-11,76.8
2020-08-08 10:00:00,2020,221,9,10,12,-7,76.8
2020-08-08 11:00:00,2020,221,10,10,12,-5,76.8
2020-08-08 12:00:00,2020,221,11,10,12,-4,76.8
2020-08-08 13:00:00,2020,221,12,13,12,-7,76.8
2020-08-08 14:00:00,2020,221,13,13,12,-8,76.8
2020-08-08 15:00:00,2020,221,14,13,12,-8,76.8
2020-08-08 16:00:00,2020,221,15,10,12,-10,76.8
2020-08-08 17:00:00,2020,221,16,10,12,-12,76.8
2020-08-08 18:00:00,2020,221,17,10,12,-12,76.8
2020-08-08 19:00:00,2020,221,18,7,12,-12,76.8
2020-08-08 20:00:00,2020,221,19,7,12,-10,76.8
2020-08-08 21:00:00,2020,221,20,7,12,-7,76.8
2020-08-08 22:00:00,2020,221,21,3,12,-2,76.8
2020-08-08 23:00:00,2020,221,22,3,12,0,76.8
2020-08-09 00:00:00,2020,221,23,3,12,-2,76.8
2020-08-09 01:00:00,2020,222,0,0,13,-4,76.0
2020-08-09 02:00:00,2020,222,1,0,13,-7,76.0
2020-08-09 03:00:00,2020,222,2,0,13,-8,76.0
2020-08-09 04:00:00,2020,222,3,3,13,-7,76.0
2020-08-09 05:00:00,2020,222,4,3,13,-7,76.0
2020-08-09 06:00:00,2020,222,5,3,13,-5,76.0
2020-08-09 07:00:00,2020,222,6,3,13,-2,76.0
2020-08-09 08:00:00,2020,222,7,3,13,-1,76.0
2020-08-09 09:00:00,2020,222,8,3,13,-2,76.0
2020-08-09 10:00:00,2020,222,9,7,13,-7,76.0
2020-08-09 11:00:00,2020,222,10,7,13,-8,76.0
2020-08-09 12:00:00,2020,222,11,7,13,-8,76.0
2020-08-09 13:00:00,2020,222,12,3,13,-8,76.0
2020-08-09 14:00:00,2020,222,13,3,13,-8,76.0
2020-08-09 15:00:00,2020,222,14,3,13,-6,76.0
2020-08-09 16:00:00,2020,222,15,3,13,-3,76.0
2020-08-09 17:00:00,2020,222,16,3,13,-4,76.0
2020-08-09 18:00:00,2020,222,17,3,13,-5,76.0
2020-08-09 19:00:00,2020,222,18,3,13,-4,76.0
2020-08-09 20:00:00,2020,222,19,3,13,0,76.0
2020-08-09 21:00:00,2020,222,20,3,13,4,76.0
2020-08-09 22:00:00,2020,222,21,7,13,5,76.0
2020-08-09 23:00:00,2020,222,22,7,13,5,76.0
2020-08-10 00:00:00,2020,222,23,7,13,6,76.0
2020-08-10 01:00:00,2020,223,0,3,13,4,76.2
2020-08-10 02:00:00,2020,223,1,3,13,4,76.2
2020-08-10 03:00:00,2020,223,2,3,13,6,76.2
2020-08-10 04:00:00,2020,223,3,3,13,5,76.2
2020-08-10 05:00:00,2020,223,4,3,13,2,76.2
2020-08-10 06:00:00,2020,223,5,3,13,0,76.2
2020-08-10 07:00:00,2020,223,6,3,13,-3,76.2
2020-08-10 08:00:00,2020,223,7,3,13,-5,76.2
2020-08-10 09:00:00,2020,223,8,3,13,-6,76.2
2020-08-10 10:00:00,2020,223,9,3,13,-7,76.2
2020-08-10 11:00:00,2020,223,10,3,13,-5,76.2
2020-08-10 12:00:00,2020,223,11,3,13,-4,76.2
2020-08-10 13:00:00,2020,223,12,0,13,-5,76.2
2020-08-10 14:00:00,2020,223,13,0,13,-4,76.2
2020-08-10 15:00:00,2020,223,14,0,13,0,76.2
2020-08-10 16:00:00,2020,223,15,7,13,1,76.2
2020-08-10 17:00:00,2020,223,16,7,13,-1,76.2
2020-08-10 18:00:00,2020,223,17,7,13,-1,76.2
2020-08-10 19:00:00,2020,223,18,3,13,0,76.2
2020-08-10 20:00:00,2020,223,19,3,13,3,76.2
2020-08-10 21:00:00,2020,223,20,3,13,4,76.2
2020-08-10 22:00:00,2020,223,21,7,13,3,76.2
2020-08-10 23:00:00,2020,223,22,7,13,1,76.2
2020-08-11 00:00:00,2020,223,23,7,13,-1,76.2
2020-08-11 01:00:00,2020,224,0,10,12,2,75.4
2020-08-11 02:00:00,2020,224,1,10,12,1,75.4
2020-08-11 03:00:00,2020,224,2,10,12,-3,75.4
2020-08-11 04:00:00,2020,224,3,7,12,-6,75.4
2020-08-11 05:00:00,2020,224,4,7,12,-6,75.4
2020-08-11 06:00:00,2020,224,5,7,12,-5,75.4
2020-08-11 07:00:00,2020,224,6,3,12,-4,75.4
2020-08-11 08:00:00,2020,224,7,3,12,-3,75.4
2020-08-11 09:00:00,2020,224,8,3,12,-4,75.4
2020-08-11 10:00:00,2020,224,9,3,12,-3,75.4
2020-08-11 11:00:00,2020,224,10,3,12,-2,75.4
2020-08-11 12:00:00,2020,224,11,3,12,-3,75.4
2020-08-11 13:00:00,2020,224,12,3,12,-3,75.4
2020-08-11 14:00:00,2020,224,13,3,12,0,75.4
2020-08-11 15:00:00,2020,224,14,3,12,1,75.4
2020-08-11 16:00:00,2020,224,15,0,12,2,75.4
2020-08-11 17:00:00,2020,224,16,0,12,1,75.4
2020-08-11 18:00:00,2020,224,17,0,12,1,75.4
2020-08-11 19:00:00,2020,224,18,0,12,5,75.4
2020-08-11 20:00:00,2020,224,19,0,12,6,75.4
2020-08-11 21:00:00,2020,224,20,0,12,5,75.4
2020-08-11 22:00:00,2020,224,21,3,12,4,75.4
2020-08-11 23:00:00,2020,224,22,3,12,7,75.4
2020-08-12 00:00:00,2020,224,23,3,12,10,75.4
2020-08-12 01:00:00,2020,225,0,3,17,10,75.1
2020-08-12 02:00:00,2020,225,1,3,17,10,75.1
2020-08-12 03:00:00,2020,225,2,3,17,12,75.1
2020-08-12 04:00:00,2020,225,3,13,17,9,75.1
2020-08-12 05:00:00,2020,225,4,13,17,5,75.1
2020-08-12 06:00:00,2020,225,5,13,17,3,75.1
2020-08-12 07:00:00,2020,225,6,10,17,2,75.1
2020-08-12 08:00:00,2020,225,7,10,17,2,75.1
2020-08-12 09:00:00,2020,225,8,10,17,0,75.1
2020-08-12 10:00:00,2020,225,9,7,17,1,75.1
2020-08-12 11:00:00,2020,225,10,7,17,2,75.1
2020-08-12 12:00:00,2020,225,11,7,17,3,75.1
2020-08-12 13:00:00,2020,225,12,10,17,3,75.1
2020-08-12 14:00:00,2020,225,13,10,17,6,75.1
2020-08-12 15:00:00,2020,225,14,10,17,7,75.1
2020-08-12 16:00:00,2020,225,15,7,17,8,75.1
2020-08-12 17:00:00,2020,225,16,7,17,8,75.1
2020-08-12 18:00:00,2020,225,17,7,17,7,75.1
2020-08-12 19:00:00,2020,225,18,7,17,5,75.1
2020-08-12 20:00:00,2020,225,19,7,17,4,75.1
2020-08-12 21:00:00,2020,225,20,7,17,6,75.1
2020-08-12 22:00:00,2020,225,21,3,17,7,75.1
2020-08-12 23:00:00,2020,225,22,3,17,5,75.1
2020-08-13 00:00:00,2020,225,23,3,17,2,75.1
2020-08-13 01:00:00,2020,226,0,17,10,1,74.2
2020-08-13 02:00:00,2020,226,1,17,10,0,74.2
2020-08-13 03:00:00,2020,226,2,17,10,0,74.2
2020-08-13 04:00:00,2020,226,3,7,10,-2,74.2
2020-08-13 05:00:00,2020,226,4,7,10,-1,74.2
2020-08-13 06:00:00,2020,226,5,7,10,2,74.2
2020-08-13 07:00:00,2020,226,6,3,10,4,74.2
2020-08-13 08:00:00,2020,226,7,3,10,7,74.2
2020-08-13 09:00:00,2020,226,8,3,10,6,74.2
2020-08-13 10:00:00,2020,226,9,3,10,5,74.2
2020-08-13 11:00:00,2020,226,10,3,10,4,74.2
2020-08-13 12:00:00,2020,226,11,3,10,2,74.2
2020-08-13 13:00:00,2020,226,12,13,10,2,74.2
2020-08-13 14:00:00,2020,226,13,13,10,2,74.2
2020-08-13 15:00:00,2020,226,14,13,10,3,74.2
2020-08-13 16:00:00,2020,226,15,3,10,2,74.2
2020-08-13 17:00:00,2020,226,16,3,10,3,74.2
2020-08-13 18:00:00,2020,226,17,3,10,1,74.2
2020-08-13 19:00:00,2020,226,18,3,10,-1,74.2
2020-08-13 20:00:00,2020,226,19,3,10,-1,74.2
2020-08-13 21:00:00,2020,226,20,3,10,2,74.2
2020-08-13 22:00:00,2020,226,21,13,10,-1,74.2
2020-08-13 23:00:00,2020,226,22,13,10,-5,74.2
2020-08-14 00:00:00,2020,226,23,13,10,-5,74.2
2020-08-14 01:00:00,2020,227,0,10,5,-2,72.6
2020-08-14 02:00:00,2020,227,1,10,5,1,72.6
2020-08-14 03:00:00,2020,227,2,10,5,6,72.6
2020-08-14 04:00:00,2020,227,3,17,5,4,72.6
2020-08-14 05:00:00,2020,227,4,17,5,1,72.6
2020-08-14 06:00:00,2020,227,5,17,5,3,72.6
2020-08-14 07:00:00,2020,227,6,3,5,3,72.6
2020-08-14 08:00:00,2020,227,7,3,5,2,72.6
2020-08-14 09:00:00,2020,227,8,3,5,3,72.6
2020-08-14 10:00:00,2020,227,9,3,5,6,72.6
2020-08-14 11:00:00,2020,227,10,3,5,8,72.6
2020-08-14 12:00:00,2020,227,11,3,5,7,72.6
2020-08-14 13:00:00,2020,227,12,7,5,5,72.6
2020-08-14 14:00:00,2020,227,13,7,5,6,72.6
2020-08-14 15:00:00,2020,227,14,7,5,6,72.6
2020-08-14 16:00:00,2020,227,15,3,5,7,72.6
2020-08-14 17:00:00,2020,227,16,3,5,6,72.6
2020-08-14 18:00:00,2020,227,17,3,5,3,72.6
2020-08-14 19:00:00,2020,227,18,7,5,-1,72.6
2020-08-14 20:00:00,2020,227,19,7,5,-5,72.6
2020-08-14 21:00:00,2020,227,20,7,5,-8,72.6
2020-08-14 22:00:00,2020,227,21,7,5,-9,72.6
2020-08-14 23:00:00,2020,227,22,7,5,-9,72.6
2020-08-15 00:00:00,2020,227,23,7,5,-11,72.6
2020-08-15 01:00:00,2020,228,0,0,0,-10,72.4
2020-08-15 02:00:00,2020,228,1,0,0,-5,72.4
2020-08-15 03:00:00,2020,228,2,0,0,-2,72.4
2020-08-15 04:00:00,2020,228,3,0,0,1,72.4
2020-08-15 05:00:00,2020,228,4,0,0,5,72.4
2020-08-15 06:00:00,2020,228,5,0,0,6,72.4
2020-08-15 07:00:00,2020,228,6,10,0,4,72.4
2020-08-15 08:00:00,2020,228,7,10,0,2,72.4
2020-08-15 09:00:00,2020,228,8,10,0,4,72.4
2020-08-15 10:00:00,2020,228,9,3,0,10,72.4
2020-08-15 11:00:00,2020,228,10,3,0,11,72.4
2020-08-15 12:00:00,2020,228,11,3,0,12,72.4
2020-08-15 13:00:00,2020,228,12,3,0,13,72.4
2020-08-15 14:00:00,2020,228,13,3,0,12,72.4
2020-08-15 15:00:00,2020,228,14,3,0,9,72.4
2020-08-15 16:00:00,2020,228,15,3,0,4,72.4
2020-08-15 17:00:00,2020,228,16,3,0,4,72.4
2020-08-15 18:00:00,2020,228,17,3,0,3,72.4
2020-08-15 19:00:00,2020,228,18,3,0,-1,72.4
2020-08-15 20:00:00,2020,228,19,3,0,-5,72.4
2020-08-15 21:00:00,2020,228,20,3,0,-5,72.4
2020-08-15 22:00:00,2020,228,21,3,0,0,72.4
2020-08-15 23:00:00,2020,228,22,3,0,-2,72.4
2020-08-16 00:00:00,2020,228,23,3,0,-2,72.4
2020-08-16 01:00:00,2020,229,0,10,0,2,72.6
2020-08-16 02:00:00,2020,229,1,10,0,-1,72.6
2020-08-16 03:00:00,2020,229,2,10,0,-1,72.6
2020-08-16 04:00:00,2020,229,3,10,0,-4,72.6
2020-08-16 05:00:00,2020,229,4,10,0,-3,72.6
2020-08-16 06:00:00,2020,229,5,10,0,4,72.6
2020-08-16 07:00:00,2020,229,6,10,0,7,72.6
2020-08-16 08:00:00,2020,229,7,10,0,8,72.6
2020-08-16 09:00:00,2020,229,8,10,0,11,72.6
2020-08-16 10:00:00,2020,229,9,10,0,13,72.6
2020-08-16 11:00:00,2020,229,10,10,0,12,72.6
2020-08-16 12:00:00,2020,229,11,10,0,10,72.6
2020-08-16 13:00:00,2020,229,12,3,0,7,72.6
2020-08-16 14:00:00,2020,229,13,3,0,5,72.6
2020-08-16 15:00:00,2020,229,14,3,0,7,72.6
2020-08-16 16:00:00,2020,229,15,3,0,7,72.6
2020-08-16 17:00:00,2020,229,16,3,0,9,72.6
2020-08-16 18:00:00,2020,229,17,3,0,10,72.6
2020-08-16 19:00:00,2020,229,18,3,0,14,72.6
2020-08-16 20:00:00,2020,229,19,3,0,14,72.6
2020-08-16 21:00:00,2020,229,20,3,0,13,72.6
2020-08-16 22:00:00,2020,229,21,7,0,15,72.6
2020-08-16 23:00:00,2020,229,22,7,0,14,72.6
2020-08-17 00:00:00,2020,229,23,7,0,9,72.6
2020-08-17 01:00:00,2020,230,0,7,0,9,72.5
2020-08-17 02:00:00,2020,230,1,7,0,10,72.5
2020-08-17 03:00:00,2020,230,2,7,0,10,72.5
2020-08-17 04:00:00,2020,230,3,3,0,10,72.5
2020-08-17 05:00:00,2020,230,4,3,0,14,72.5
2020-08-17 06:00:00,2020,230,5,3,0,16,72.5
2020-08-17 07:00:00,2020,230,6,7,0,17,72.5
2020-08-17 08:00:00,2020,230,7,7,0,17,72.5
2020-08-17 09:00:00,2020,230,8,7,0,14,72.5
2020-08-17 10:00:00,2020,230,9,10,0,8,72.5
2020-08-17 11:00:00,2020,230,10,10,0,8,72.5
2020-08-17 12:00:00,2020,230,11,10,0,9,72.5
2020-08-17 13:00:00,2020,230,12,7,0,11,72.5
2020-08-17 14:00:00,2020,230,13,7,0,8,72.5
2020-08-17 15:00:00,2020,230,14,7,0,8,72.5
2020-08-17 16:00:00,2020,230,15,3,0,9,72.5
2020-08-17 17:00:00,2020,230,16,3,0,9,72.5
2020-08-17 18:00:00,2020,230,17,3,0,5,72.5
2020-08-17 19:00:00,2020,230,18,3,0,4,72.5
2020-08-17 20:00:00,2020,230,19,3,0,5,72.5
2020-08-17 21:00:00,2020,230,20,3,0,7,72.5
2020-08-17 22:00:00,2020,230,21,7,0,2,72.5
2020-08-17 23:00:00,2020,230,22,7,0,1,72.5
2020-08-18 00:00:00,2020,230,23,7,0,1,72.5
2020-08-18 01:00:00,2020,231,0,10,13,2,73.1
2020-08-18 02:00:00,2020,231,1,10,13,0,73.1
2020-08-18 03:00:00,2020,231,2,10,13,4,73.1
2020-08-18 04:00:00,2020,231,3,13,13,8,73.1
2020-08-18 05:00:00,2020,231,4,13,13,11,73.1
2020-08-18 06:00:00,2020,231,5,13,13,11,73.1
2020-08-18 07:00:00,2020,231,6,13,13,13,73.1
2020-08-18 08:00:00,2020,231,7,13,13,9,73.1
2020-08-18 09:00:00,2020,231,8,13,13,8,73.1
2020-08-18 10:00:00,2020,231,9,13,13,11,73.1
2020-08-18 11:00:00,2020,231,10,13,13,7,73.1
2020-08-18 12:00:00,2020,231,11,13,13,1,73.1
2020-08-18 13:00:00,2020,231,12,17,13,-5,73.1
2020-08-18 14:00:00,2020,231,13,17,13,-1,73.1
2020-08-18 15:00:00,2020,231,14,17,13,4,73.1
2020-08-18 16:00:00,2020,231,15,7,13,5,73.1
2020-08-18 17:00:00,2020,231,16,7,13,7,73.1
2020-08-18 18:00:00,2020,231,17,7,13,3,73.1
2020-08-18 19:00:00,2020,231,18,10,13,1,73.1
2020-08-18 20:00:00,2020,231,19,10,13,4,73.1
2020-08-18 21:00:00,2020,231,20,10,13,2,73.1
2020-08-18 22:00:00,2020,231,21,30,13,2,73.1
2020-08-18 23:00:00,2020,231,22,30,13,-7,73.1
2020-08-19 00:00:00,2020,231,23,30,13,-8,73.1
2020-08-19 01:00:00,2020,232,0,27,16,-10,72.2
2020-08-19 02:00:00,2020,232,1,27,16,-11,72.2
2020-08-19 03:00:00,2020,232,2,27,16,-13,72.2
2020-08-19 04:00:00,2020,232,3,23,16,-13,72.2
2020-08-19 05:00:00,2020,232,4,23,16,-15,72.2
2020-08-19 06:00:00,2020,232,5,23,16,-16,72.2
2020-08-19 07:00:00,2020,232,6,3,16,-13,72.2
2020-08-19 08:00:00,2020,232,7,3,16,-7,72.2
2020-08-19 09:00:00,2020,232,8,3,16,-4,72.2
2020-08-19 10:00:00,2020,232,9,3,16,-5,72.2
2020-08-19 11:00:00,2020,232,10,3,16,-7,72.2
2020-08-19 12:00:00,2020,232,11,3,16,-6,72.2
2020-08-19 13:00:00,2020,232,12,3,16,-6,72.2
2020-08-19 14:00:00,2020,232,13,3,16,-3,72.2
2020-08-19 15:00:00,2020,232,14,3,16,-2,72.2
2020-08-19 16:00:00,2020,232,15,7,16,-3,72.2
2020-08-19 17:00:00,2020,232,16,7,16,-4,72.2
2020-08-19 18:00:00,2020,232,17,7,16,-5,72.2
2020-08-19 19:00:00,2020,232,18,7,16,-5,72.2
2020-08-19 20:00:00,2020,232,19,7,16,-5,72.2
2020-08-19 21:00:00,2020,232,20,7,16,-7,72.2
2020-08-19 22:00:00,2020,232,21,10,16,-10,72.2
2020-08-19 23:00:00,2020,232,22,10,16,-14,72.2
2020-08-20 00:00:00,2020,232,23,10,16,-14,72.2
2020-08-20 01:00:00,2020,233,0,3,12,-7,71.6
2020-08-20 02:00:00,2020,233,1,3,12,1,71.6
2020-08-20 03:00:00,2020,233,2,3,12,5,71.6
2020-08-20 04:00:00,2020,233,3,7,12,12,71.6
2020-08-20 05:00:00,2020,233,4,7,12,13,71.6
2020-08-20 06:00:00,2020,233,5,7,12,11,71.6
2020-08-20 07:00:00,2020,233,6,0,12,9,71.6
2020-08-20 08:00:00,2020,233,7,0,12,10,71.6
2020-08-20 09:00:00,2020,233,8,0,12,12,71.6
2020-08-20 10:00:00,2020,233,9,7,12,12,71.6
2020-08-20 11:00:00,2020,233,10,7,12,8,71.6
2020-08-20 12:00:00,2020,233,11,7,12,9,71.6
2020-08-20 13:00:00,2020,233,12,10,12,12,71.6
2020-08-20 14:00:00,2020,233,13,10,12,12,71.6
2020-08-20 15:00:00,2020,233,14,10,12,12,71.6
2020-08-20 16:00:00,2020,233,15,7,12,10,71.6
2020-08-20 17:00:00,2020,233,16,7,12,9,71.6
2020-08-20 18:00:00,2020,233,17,7,12,7,71.6
2020-08-20 19:00:00,2020,233,18,3,12,4,71.6
2020-08-20 20:00:00,2020,233,19,3,12,4,71.6
2020-08-20 21:00:00,2020,233,20,3,12,4,71.6
2020-08-20 22:00:00,2020,233,21,7,12,2,71.6
2020-08-20 23:00:00,2020,233,22,7,12,2,71.6
2020-08-21 00:00:00,2020,233,23,7,12,2,71.6
2020-08-21 01:00:00,2020,234,0,7,3,3,72.6
2020-08-21 02:00:00,2020,234,1,7,3,7,72.6
2020-08-21 03:00:00,2020,234,2,7,3,9,72.6
2020-08-21 04:00:00,2020,234,3,3,3,7,72.6
2020-08-21 05:00:00,2020,234,4,3,3,9,72.6
2020-08-21 06:00:00,2020,234,5,3,3,12,72.6
2020-08-21 07:00:00,2020,234,6,3,3,13,72.6
2020-08-21 08:00:00,2020,234,7,3,3,15,72.6
2020-08-21 09:00:00,2020,234,8,3,3,15,72.6
2020-08-21 10:00:00,2020,234,9,3,3,13,72.6
2020-08-21 11:00:00,2020,234,10,3,3,10,72.6
2020-08-21 12:00:00,2020,234,11,3,3,8,72.6
2020-08-21 13:00:00,2020,234,12,3,3,8,72.6
2020-08-21 14:00:00,2020,234,13,3,3,8,72.6
2020-08-21 15:00:00,2020,234,14,3,3,11,72.6
2020-08-21 16:00:00,2020,234,15,7,3,11,72.6
2020-08-21 17:00:00,2020,234,16,7,3,9,72.6
2020-08-21 18:00:00,2020,234,17,7,3,8,72.6
2020-08-21 19:00:00,2020,234,18,17,3,4,72.6
2020-08-21 20:00:00,2020,234,19,17,3,-1,72.6
2020-08-21 21:00:00,2020,234,20,17,3,-4,72.6
2020-08-21 22:00:00,2020,234,21,13,3,-6,72.6
2020-08-21 23:00:00,2020,234,22,13,3,-5,72.6
2020-08-22 00:00:00,2020,234,23,13,3,-4,72.6
2020-08-22 01:00:00,2020,235,0,7,0,0,71.6
2020-08-22 02:00:00,2020,235,1,7,0,2,71.6
2020-08-22 03:00:00,2020,235,2,7,0,1,71.6
2020-08-22 04:00:00,2020,235,3,20,0,-1,71.6
2020-08-22 05:00:00,2020,235,4,20,0,1,71.6
2020-08-22 06:00:00,2020,235,5,20,0,2,71.6
2020-08-22 07:00:00,2020,235,6,17,0,2,71.6
2020-08-22 08:00:00,2020,235,7,17,0,-3,71.6
2020-08-22 09:00:00,2020,235,8,17,0,-4,71.6
2020-08-22 10:00:00,2020,235,9,17,0,-1,71.6
2020-08-22 11:00:00,2020,235,10,17,0,-2,71.6
2020-08-22 12:00:00,2020,235,11,17,0,-3,71.6
2020-08-22 13:00:00,2020,235,12,10,0,-6,71.6
2020-08-22 14:00:00,2020,235,13,10,0,-6,71.6
2020-08-22 15:00:00,2020,235,14,10,0,-3,71.6
2020-08-22 16:00:00,2020,235,15,13,0,0,71.6
2020-08-22 17:00:00,2020,235,16,13,0,-1,71.6
2020-08-22 18:00:00,2020,235,17,13,0,-4,71.6
2020-08-22 19:00:00,2020,235,18,17,0,-6,71.6
2020-08-22 20:00:00,2020,235,19,17,0,-5,71.6
2020-08-22 21:00:00,2020,235,20,17,0,-1,71.6
2020-08-22 22:00:00,2020,235,21,23,0,1,71.6
2020-08-22 23:00:00,2020,235,22,23,0,-4,71.6
2020-08-23 00:00:00,2020,235,23,23,0,-9,71.6
2020-08-23 01:00:00,2020,236,0,20,0,-12,72.1
2020-08-23 02:00:00,2020,236,1,20,0,-9,72.1
2020-08-23 03:00:00,2020,236,2,20,0,-5,72.1
2020-08-23 04:00:00,2020,236,3,20,0,-2,72.1
2020-08-23 05:00:00,2020,236,4,20,0,-6,72.1
2020-08-23 06:00:00,2020,236,5,20,0,-2,72.1
2020-08-23 07:00:00,2020,236,6,13,0,-2,72.1
2020-08-23 08:00:00,2020,236,7,13,0,-1,72.1
2020-08-23 09:00:00,2020,236,8,13,0,-1,72.1
2020-08-23 10:00:00,2020,236,9,20,0,-2,72.1
2020-08-23 11:00:00,2020,236,10,20,0,0,72.1
2020-08-23 12:00:00,2020,236,11,20,0,-2,72.1
2020-08-23 13:00:00,2020,236,12,23,0,-7,72.1
2020-08-23 14:00:00,2020,236,13,23,0,-8,72.1
2020-08-23 15:00:00,2020,236,14,23,0,-8,72.1
2020-08-23 16:00:00,2020,236,15,17,0,-4,72.1
2020-08-23 17:00:00,2020,236,16,17,0,0,72.1
2020-08-23 18:00:00,2020,236,17,17,0,3,72.1
2020-08-23 19:00:00,2020,236,18,10,0,4,72.1
2020-08-23 20:00:00,2020,236,19,10,0,3,72.1
2020-08-23 21:00:00,2020,236,20,10,0,-3,72.1
2020-08-23 22:00:00,2020,236,21,27,0,-10,72.1
2020-08-23 23:00:00,2020,236,22,27,0,-11,72.1
2020-08-24 00:00:00,2020,236,23,27,0,-9,72.1
2020-08-24 01:00:00,2020,237,0,7,0,-5,71.8
2020-08-24 02:00:00,2020,237,1,7,0,-4,71.8
2020-08-24 03:00:00,2020,237,2,7,0,-1,71.8
2020-08-24 04:00:00,2020,237,3,7,0,1,71.8
2020-08-24 05:00:00,2020,237,4,7,0,1,71.8
2020-08-24 06:00:00,2020,237,5,7,0,0,71.8
2020-08-24 07:00:00,2020,237,6,3,0,-1,71.8
2020-08-24 08:00:00,2020,237,7,3,0,1,71.8
2020-08-24 09:00:00,2020,237,8,3,0,1,71.8
2020-08-24 10:00:00,2020,237,9,0,0,2,71.8
2020-08-24 11:00:00,2020,237,10,0,0,2,71.8
2020-08-24 12:00:00,2020,237,11,0,0,2,71.8
2020-08-24 13:00:00,2020,237,12,7,0,2,71.8
2020-08-24 14:00:00,2020,237,13,7,0,1,71.8
2020-08-24 15:00:00,2020,237,14,7,0,-1,71.8
2020-08-24 16:00:00,2020,237,15,7,0,-2,71.8
2020-08-24 17:00:00,2020,237,16,7,0,1,71.8
2020-08-24 18:00:00,2020,237,17,7,0,3,71.8
2020-08-24 19:00:00,2020,237,18,3,0,2,71.8
2020-08-24 20:00:00,2020,237,19,3,0,0,71.8
2020-08-24 21:00:00,2020,237,20,3,0,-1,71.8
2020-08-24 22:00:00,2020,237,21,0,0,-1,71.8
2020-08-24 23:00:00,2020,237,22,0,0,0,71.8
2020-08-25 00:00:00,2020,237,23,0,0,0,71.8
2020-08-25 01:00:00,2020,238,0,7,0,2,72.1
2020-08-25 02:00:00,2020,238,1,7,0,5,72.1
2020-08-25 03:00:00,2020,238,2,7,0,6,72.1
2020-08-25 04:00:00,2020,238,3,3,0,8,72.1
2020-08-25 05:00:00,2020,238,4,3,0,11,72.1
2020-08-25 06:00:00,2020,238,5,3,0,13,72.1
2020-08-25 07:00:00,2020,238,6,7,0,17,72.1
2020-08-25 08:00:00,2020,238,7,7,0,17,72.1
2020-08-25 09:00:00,2020,238,8,7,0,16,72.1
2020-08-25 10:00:00,2020,238,9,3,0,16,72.1
2020-08-25 11:00:00,2020,238,10,3,0,15,72.1
2020-08-25 12:00:00,2020,238,11,3,0,10,72.1
2020-08-25 13:00:00,2020,238,12,7,0,4,72.1
2020-08-25 14:00:00,2020,238,13,7,0,2,72.1
2020-08-25 15:00:00,2020,238,14,7,0,8,72.1
2020-08-25 16:00:00,2020,238,15,10,0,14,72.1
2020-08-25 17:00:00,2020,238,16,10,0,11,72.1
2020-08-25 18:00:00,2020,238,17,10,0,10,72.1
2020-08-25 19:00:00,2020,238,18,10,0,12,72.1
2020-08-25 20:00:00,2020,238,19,10,0,15,72.1
2020-08-25 21:00:00,2020,238,20,10,0,11,72.1
2020-08-25 22:00:00,2020,238,21,3,0,9,72.1
2020-08-25 23:00:00,2020,238,22,3,0,8,72.1
2020-08-26 00:00:00,2020,238,23,3,0,7,72.1
2020-08-26 01:00:00,2020,239,0,17,0,8,71.9
2020-08-26 02:00:00,2020,239,1,17,0,5,71.9
2020-08-26 03:00:00,2020,239,2,17,0,3,71.9
2020-08-26 04:00:00,2020,239,3,23,0,-4,71.9
2020-08-26 05:00:00,2020,239,4,23,0,-4,71.9
2020-08-26 06:00:00,2020,239,5,23,0,-3,71.9
2020-08-26 07:00:00,2020,239,6,10,0,-6,71.9
2020-08-26 08:00:00,2020,239,7,10,0,-6,71.9
2020-08-26 09:00:00,2020,239,8,10,0,-5,71.9
2020-08-26 10:00:00,2020,239,9,17,0,-4,71.9
2020-08-26 11:00:00,2020,239,10,17,0,-6,71.9
2020-08-26 12:00:00,2020,239,11,17,0,-5,71.9
2020-08-26 13:00:00,2020,239,12,7,0,-7,71.9
2020-08-26 14:00:00,2020,239,13,7,0,-5,71.9
2020-08-26 15:00:00,2020,239,14,7,0,-1,71.9
2020-08-26 16:00:00,2020,239,15,23,0,2,71.9
2020-08-26 17:00:00,2020,239,16,23,0,1,71.9
2020-08-26 18:00:00,2020,239,17,23,0,-5,71.9
2020-08-26 19:00:00,2020,239,18,10,0,-5,71.9
2020-08-26 20:00:00,2020,239,19,10,0,-5,71.9
2020-08-26 21:00:00,2020,239,20,10,0,-2,71.9
2020-08-26 22:00:00,2020,239,21,17,0,-4,71.9
2020-08-26 23:00:00,2020,239,22,17,0,-8,71.9
2020-08-27 00:00:00,2020,239,23,17,0,-10,71.9
2020-08-27 01:00:00,2020,240,0,23,0,-13,71.4
2020-08-27 02:00:00,2020,240,1,23,0,-11,71.4
2020-08-27 03:00:00,2020,240,2,23,0,-10,71.4
2020-08-27 04:00:00,2020,240,3,13,0,-11,71.4
2020-08-27 05:00:00,2020,240,4,13,0,-11,71.4
2020-08-27 06:00:00,2020,240,5,13,0,-12,71.4
2020-08-27 07:00:00,2020,240,6,17,0,-12,71.4
2020-08-27 08:00:00,2020,240,7,17,0,-9,71.4
2020-08-27 09:00:00,2020,240,8,17,0,-7,71.4
2020-08-27 10:00:00,2020,240,9,17,0,-5,71.4
2020-08-27 11:00:00,2020,240,10,17,0,-2,71.4
2020-08-27 12:00:00,2020,240,11,17,0,-2,71.4
2020-08-27 13:00:00,2020,240,12,33,0,-8,71.4
2020-08-27 14:00:00,2020,240,13,33,0,-9,71.4
2020-08-27 15:00:00,2020,240,14,33,0,-5,71.4
2020-08-27 16:00:00,2020,240,15,10,0,-3,71.4
2020-08-27 17:00:00,2020,240,16,10,0,-3,71.4
2020-08-27 18:00:00,2020,240,17,10,0,-4,71.4
2020-08-27 19:00:00,2020,240,18,10,0,-7,71.4
2020-08-27 20:00:00,2020,240,19,10,0,-9,71.4
2020-08-27 21:00:00,2020,240,20,10,0,-9,71.4
2020-08-27 22:00:00,2020,240,21,10,0,-7,71.4
2020-08-27 23:00:00,2020,240,22,10,0,-5,71.4
2020-08-28 00:00:00,2020,240,23,10,0,-5,71.4
2020-08-28 01:00:00,2020,241,0,0,0,-5,71.5
2020-08-28 02:00:00,2020,241,1,0,0,-6,71.5
2020-08-28 03:00:00,2020,241,2,0,0,-6,71.5
2020-08-28 04:00:00,2020,241,3,3,0,-4,71.5
2020-08-28 05:00:00,2020,241,4,3,0,-4,71.5
2020-08-28 06:00:00,2020,241,5,3,0,-2,71.5
2020-08-28 07:00:00,2020,241,6,7,0,-4,71.5
2020-08-28 08:00:00,2020,241,7,7,0,-3,71.5
2020-08-28 09:00:00,2020,241,8,7,0,-1,71.5
2020-08-28 10:00:00,2020,241,9,17,0,3,71.5
2020-08-28 11:00:00,2020,241,10,17,0,2,71.5
2020-08-28 12:00:00,2020,241,11,17,0,-2,71.5
2020-08-28 13:00:00,2020,241,12,27,0,-5,71.5
2020-08-28 14:00:00,2020,241,13,27,0,-1,71.5
2020-08-28 15:00:00,2020,241,14,27,0,5,71.5
2020-08-28 16:00:00,2020,241,15,47,0,5,71.5
2020-08-28 17:00:00,2020,241,16,47,0,1,71.5
2020-08-28 18:00:00,2020,241,17,47,0,0,71.5
2020-08-28 19:00:00,2020,241,18,17,0,1,71.5
2020-08-28 20:00:00,2020,241,19,17,0,0,71.5
2020-08-28 21:00:00,2020,241,20,17,0,-4,71.5
2020-08-28 22:00:00,2020,241,21,23,0,-8,71.5
2020-08-28 23:00:00,2020,241,22,23,0,-13,71.5
2020-08-29 00:00:00,2020,241,23,23,0,-20,71.5
2020-08-29 01:00:00,2020,242,0,27,0,-19,71.6
2020-08-29 02:00:00,2020,242,1,27,0,-16,71.6
2020-08-29 03:00:00,2020,242,2,27,0,-16,71.6
2020-08-29 04:00:00,2020,242,3,27,0,-19,71.6
2020-08-29 05:00:00,2020,242,4,27,0,-20,71.6
2020-08-29 06:00:00,2020,242,5,27,0,-23,71.6
2020-08-29 07:00:00,2020,242,6,33,0,-21,71.6
2020-08-29 08:00:00,2020,242,7,33,0,-26,71.6
2020-08-29 09:00:00,2020,242,8,33,0,-24,71.6
2020-08-29 10:00:00,2020,242,9,23,0,-23,71.6
2020-08-29 11:00:00,2020,242,10,23,0,-18,71.6
2020-08-29 12:00:00,2020,242,11,23,0,-18,71.6
2020-08-29 13:00:00,2020,242,12,13,0,-19,71.6
2020-08-29 14:00:00,2020,242,13,13,0,-17,71.6
2020-08-29 15:00:00,2020,242,14,13,0,-17,71.6
2020-08-29 16:00:00,2020,242,15,20,0,-13,71.6
2020-08-29 17:00:00,2020,242,16,20,0,-12,71.6
2020-08-29 18:00:00,2020,242,17,20,0,-12,71.6
2020-08-29 19:00:00,2020,242,18,33,0,-14,71.6
2020-08-29 20:00:00,2020,242,19,33,0,-17,71.6
2020-08-29 21:00:00,2020,242,20,33,0,-13,71.6
2020-08-29 22:00:00,2020,242,21,33,0,-15,71.6
2020-08-29 23:00:00,2020,242,22,33,0,-13,71.6
2020-08-30 00:00:00,2020,242,23,33,0,-10,71.6
2020-08-30 01:00:00,2020,243,0,20,0,-7,71.4
2020-08-30 02:00:00,2020,243,1,20,0,-9,71.4
2020-08-30 03:00:00,2020,243,2,20,0,-5,71.4
2020-08-30 04:00:00,2020,243,3,33,0,-5,71.4
2020-08-30 05:00:00,2020,243,4,33,0,-12,71.4
2020-08-30 06:00:00,2020,243,5,33,0,-23,71.4
2020-08-30 07:00:00,2020,243,6,20,0,-23,71.4
2020-08-30 08:00:00,2020,243,7,20,0,-14,71.4
2020-08-30 09:00:00,2020,243,8,20,0,-10,71.4
2020-08-30 10:00:00,2020,243,9,13,0,-8,71.4
2020-08-30 11:00:00,2020,243,10,13,0,-10,71.4
2020-08-30 12:00:00,2020,243,11,13,0,-13,71.4
2020-08-30 13:00:00,2020,243,12,17,0,-16,71.4
2020-08-30 14:00:00,2020,243,13,17,0,-17,71.4
2020-08-30 15:00:00,2020,243,14,17,0,-15,71.4
2020-08-30 16:00:00,2020,243,15,20,0,-12,71.4
2020-08-30 17:00:00,2020,243,16,20,0,-12,71.4
2020-08-30 18:00:00,2020,243,17,20,0,-13,71.4
2020-08-30 19:00:00,2020,243,18,10,0,-17,71.4
2020-08-30 20:00:00,2020,243,19,10,0,-18,71.4
2020-08-30 21:00:00,2020,243,20,10,0,-18,71.4
2020-08-30 22:00:00,2020,243,21,27,0,-20,71.4
2020-08-30 23:00:00,2020,243,22,27,0,-19,71.4
2020-08-31 00:00:00,2020,243,23,27,0,-30,71.4
2020-08-31 01:00:00,2020,244,0,37,0,-34,70.5
2020-08-31 02:00:00,2020,244,1,37,0,-32,70.5
2020-08-31 03:00:00,2020,244,2,37,0,-27,70.5
2020-08-31 04:00:00,2020,244,3,43,0,-23,70.5
2020-08-31 05:00:00,2020,244,4,43,0,-29,70.5
2020-08-31 06:00:00,2020,244,5,43,0,-29,70.5
2020-08-31 07:00:00,2020,244,6,27,0,-23,70.5
2020-08-31 08:00:00,2020,244,7,27,0,-19,70.5
2020-08-31 09:00:00,2020,244,8,27,0,-20,70.5
2020-08-31 10:00:00,2020,244,9,47,0,-13,70.5
2020-08-31 11:00:00,2020,244,10,47,0,-10,70.5
2020-08-31 12:00:00,2020,244,11,47,0,-14,70.5
2020-08-31 13:00:00,2020,244,12,43,0,-22,70.5
2020-08-31 14:00:00,2020,244,13,43,0,-20,70.5
2020-08-31 15:00:00,2020,244,14,43,0,-14,70.5
2020-08-31 16:00:00,2020,244,15,37,0,-16,70.5
2020-08-31 17:00:00,2020,244,16,37,0,-17,70.5
2020-08-31 18:00:00,2020,244,17,37,0,-17,70.5
2020-08-31 19:00:00,2020,244,18,37,0,-16,70.5
2020-08-31 20:00:00,2020,244,19,37,0,-15,70.5
2020-08-31 21:00:00,2020,244,20,37,0,-20,70.5
2020-08-31 22:00:00,2020,244,21,30,0,-22,70.5
2020-08-31 23:00:00,2020,244,22,30,0,-17,70.5
2020-09-01 00:00:00,2020,244,23,30,0,-13,70.5
2020-09-01 01:00:00,2020,245,0,27,0,-14,70.8
2020-09-01 02:00:00,2020,245,1,27,0,-14,70.8
2020-09-01 03:00:00,2020,245,2,27,0,-16,70.8
2020-09-01 04:00:00,2020,245,3,43,0,-26,70.8
2020-09-01 05:00:00,2020,245,4,43,0,-32,70.8
2020-09-01 06:00:00,2020,245,5,43,0,-32,70.8
2020-09-01 07:00:00,2020,245,6,27,0,-27,70.8
2020-09-01 08:00:00,2020,245,7,27,0,-32,70.8
2020-09-01 09:00:00,2020,245,8,27,0,-33,70.8
2020-09-01 10:00:00,2020,245,9,30,0,-24,70.8
2020-09-01 11:00:00,2020,245,10,30,0,-19,70.8
2020-09-01 12:00:00,2020,245,11,30,0,-14,70.8
2020-09-01 13:00:00,2020,245,12,30,0,-17,70.8
2020-09-01 14:00:00,2020,245,13,30,0,-23,70.8
2020-09-01 15:00:00,2020,245,14,30,0,-21,70.8
2020-09-01 16:00:00,2020,245,15,40,0,-24,70.8
2020-09-01 17:00:00,2020,245,16,40,0,-30,70.8
2020-09-01 18:00:00,2020,245,17,40,0,-31,70.8
2020-09-01 19:00:00,2020,245,18,27,0,-28,70.8
2020-09-01 20:00:00,2020,245,19,27,0,-28,70.8
2020-09-01 21:00:00,2020,245,20,27,0,-28,70.8
2020-09-01 22:00:00,2020,245,21,30,0,-30,70.8
2020-09-01 23:00:00,2020,245,22,30,0,-28,70.8
2020-09-02 00:00:00,2020,245,23,30,0,-30,70.8
2020-09-02 01:00:00,2020,246,0,27,0,-28,69.5
2020-09-02 02:00:00,2020,246,1,27,0,-32,69.5
2020-09-02 03:00:00,2020,246,2,27,0,-33,69.5
2020-09-02 04:00:00,2020,246,3,23,0,-33,69.5
2020-09-02 05:00:00,2020,246,4,23,0,-28,69.5
2020-09-02 06:00:00,2020,246,5,23,0,-22,69.5
2020-09-02 07:00:00,2020,246,6,20,0,-24,69.5
2020-09-02 08:00:00,2020,246,7,20,0,-25,69.5
2020-09-02 09:00:00,2020,246,8,20,0,-25,69.5
2020-09-02 10:00:00,2020,246,9,27,0,-24,69.5
2020-09-02 11:00:00,2020,246,10,27,0,-20,69.5
2020-09-02 12:00:00,2020,246,11,27,0,-15,69.5
2020-09-02 13:00:00,2020,246,12,27,0,-19,69.5
2020-09-02 14:00:00,2020,246,13,27,0,-19,69.5
2020-09-02 15:00:00,2020,246,14,27,0,-16,69.5
2020-09-02 16:00:00,2020,246,15,23,0,-13,69.5
2020-09-02 17:00:00,2020,246,16,23,0,-16,69.5
2020-09-02 18:00:00,2020,246,17,23,0,-17,69.5
2020-09-02 19:00:00,2020,246,18,17,0,-16,69.5
2020-09-02 20:00:00,2020,246,19,17,0,-14,69.5
2020-09-02 21:00:00,2020,246,20,17,0,-14,69.5
2020-09-02 22:00:00,2020,246,21,17,0,-18,69.5
2020-09-02 23:00:00,2020,246,22,17,0,-19,69.5
2020-09-03 00:00:00,2020,246,23,17,0,-22,69.5
2020-09-03 01:00:00,2020,247,0,0,0,-21,71.2
2020-09-03 02:00:00,2020,247,1,0,0,-20,71.2
2020-09-03 03:00:00,2020,247,2,0,0,-18,71.2
2020-09-03 04:00:00,2020,247,3,0,0,-17,71.2
2020-09-03 05:00:00,2020,247,4,0,0,-15,71.2
2020-09-03 06:00:00,2020,247,5,0,0,-14,71.2
2020-09-03 07:00:00,2020,247,6,10,0,-15,71.2
2020-09-03 08:00:00,2020,247,7,10,0,-15,71.2
2020-09-03 09:00:00,2020,247,8,10,0,-16,71.2
2020-09-03 10:00:00,2020,247,9,7,0,-13,71.2
2020-09-03 11:00:00,2020,247,10,7,0,-8,71.2
2020-09-03 12:00:00,2020,247,11,7,0,-3,71.2
2020-09-03 13:00:00,2020,247,12,13,0,0,71.2
2020-09-03 14:00:00,2020,247,13,13,0,-1,71.2
2020-09-03 15:00:00,2020,247,14,13,0,-4,71.2
2020-09-03 16:00:00,2020,247,15,7,0,-6,71.2
2020-09-03 17:00:00,2020,247,16,7,0,-8,71.2
2020-09-03 18:00:00,2020,247,17,7,0,-7,71.2
2020-09-03 19:00:00,2020,247,18,3,0,-8,71.2
2020-09-03 20:00:00,2020,247,19,3,0,-8,71.2
2020-09-03 21:00:00,2020,247,20,3,0,-10,71.2
2020-09-03 22:00:00,2020,247,21,17,0,-15,71.2
2020-09-03 23:00:00,2020,247,22,17,0,-17,71.2
2020-09-04 00:00:00,2020,247,23,17,0,-21,71.2
2020-09-04 01:00:00,2020,248,0,27,0,-22,70.8
2020-09-04 02:00:00,2020,248,1,27,0,-23,70.8
2020-09-04 03:00:00,2020,248,2,27,0,-19,70.8
2020-09-04 04:00:00,2020,248,3,13,0,-16,70.8
2020-09-04 05:00:00,2020,248,4,13,0,-14,70.8
2020-09-04 06:00:00,2020,248,5,13,0,-15,70.8
2020-09-04 07:00:00,2020,248,6,13,0,-18,70.8
2020-09-04 08:00:00,2020,248,7,13,0,-18,70.8
2020-09-04 09:00:00,2020,248,8,13,0,-15,70.8
2020-09-04 10:00:00,2020,248,9,20,0,-11,70.8
2020-09-04 11:00:00,2020,248,10,20,0,-18,70.8
2020-09-04 12:00:00,2020,248,11,20,0,-19,70.8
2020-09-04 13:00:00,2020,248,12,20,0,-18,70.8
2020-09-04 14:00:00,2020,248,13,20,0,-22,70.8
2020-09-04 15:00:00,2020,248,14,20,0,-21,70.8
2020-09-04 16:00:00,2020,248,15,17,0,-26,70.8
2020-09-04 17:00:00,2020,248,16,17,0,-27,70.8
2020-09-04 18:00:00,2020,248,17,17,0,-25,70.8
2020-09-04 19:00:00,2020,248,18,23,0,-22,70.8
2020-09-04 20:00:00,2020,248,19,23,0,-20,70.8
2020-09-04 21:00:00,2020,248,20,23,0,-24,70.8
2020-09-04 22:00:00,2020,248,21,3,0,-22,70.8
2020-09-04 23:00:00,2020,248,22,3,0,-21,70.8
2020-09-05 00:00:00,2020,248,23,3,0,-21,70.8
2020-09-05 01:00:00,2020,249,0,17,0,-21,70.3
2020-09-05 02:00:00,2020,249,1,17,0,-22,70.3
2020-09-05 03:00:00,2020,249,2,17,0,-23,70.3
2020-09-05 04:00:00,2020,249,3,13,0,-22,70.3
2020-09-05 05:00:00,2020,249,4,13,0,-19,70.3
2020-09-05 06:00:00,2020,249,5,13,0,-16,70.3
2020-09-05 07:00:00,2020,249,6,17,0,-15,70.3
2020-09-05 08:00:00,2020,249,7,17,0,-15,70.3
2020-09-05 09:00:00,2020,249,8,17,0,-21,70.3
2020-09-05 10:00:00,2020,249,9,20,0,-23,70.3
2020-09-05 11:00:00,2020,249,10,20,0,-22,70.3
2020-09-05 12:00:00,2020,249,11,20,0,-11,70.3
2020-09-05 13:00:00,2020,249,12,17,0,-7,70.3
2020-09-05 14:00:00,2020,249,13,17,0,-7,70.3
2020-09-05 15:00:00,2020,249,14,17,0,-7,70.3
2020-09-05 16:00:00,2020,249,15,3,0,-8,70.3
2020-09-05 17:00:00,2020,249,16,3,0,-9,70.3
2020-09-05 18:00:00,2020,249,17,3,0,-7,70.3
2020-09-05 19:00:00,2020,249,18,10,0,-8,70.3
2020-09-05 20:00:00,2020,249,19,10,0,-6,70.3
2020-09-05 21:00:00,2020,249,20,10,0,-6,70.3
2020-09-05 22:00:00,2020,249,21,10,0,-8,70.3
2020-09-05 23:00:00,2020,249,22,10,0,-9,70.3
2020-09-06 00:00:00,2020,249,23,10,0,-14,70.3
2020-09-06 01:00:00,2020,250,0,20,0,-18,70.5
2020-09-06 02:00:00,2020,250,1,20,0,-21,70.5
2020-09-06 03:00:00,2020,250,2,20,0,-16,70.5
2020-09-06 04:00:00,2020,250,3,10,0,-12,70.5
2020-09-06 05:00:00,2020,250,4,10,0,-10,70.5
2020-09-06 06:00:00,2020,250,5,10,0,-11,70.5
2020-09-06 07:00:00,2020,250,6,3,0,-8,70.5
2020-09-06 08:00:00,2020,250,7,3,0,-5,70.5
2020-09-06 09:00:00,2020,250,8,3,0,-7,70.5
2020-09-06 10:00:00,2020,250,9,10,0,-6,70.5
2020-09-06 11:00:00,2020,250,10,10,0,-6,70.5
2020-09-06 12:00:00,2020,250,11,10,0,-9,70.5
2020-09-06 13:00:00,2020,250,12,10,0,-9,70.5
2020-09-06 14:00:00,2020,250,13,10,0,-7,70.5
2020-09-06 15:00:00,2020,250,14,10,0,-6,70.5
2020-09-06 16:00:00,2020,250,15,3,0,-7,70.5
2020-09-06 17:00:00,2020,250,16,3,0,-7,70.5
2020-09-06 18:00:00,2020,250,17,3,0,-6,70.5
2020-09-06 19:00:00,2020,250,18,7,0,-5,70.5
2020-09-06 20:00:00,2020,250,19,7,0,-6,70.5
2020-09-06 21:00:00,2020,250,20,7,0,-9,70.5
2020-09-06 22:00:00,2020,250,21,17,0,-15,70.5
2020-09-06 23:00:00,2020,250,22,17,0,-20,70.5
2020-09-07 00:00:00,2020,250,23,17,0,-21,70.5
2020-09-07 01:00:00,2020,251,0,10,0,-21,71.3
2020-09-07 02:00:00,2020,251,1,10,0,-16,71.3
2020-09-07 03:00:00,2020,251,2,10,0,-13,71.3
2020-09-07 04:00:00,2020,251,3,13,0,-11,71.3
2020-09-07 05:00:00,2020,251,4,13,0,-14,71.3
2020-09-07 06:00:00,2020,251,5,13,0,-17,71.3
2020-09-07 07:00:00,2020,251,6,13,0,-14,71.3
2020-09-07 08:00:00,2020,251,7,13,0,-10,71.3
2020-09-07 09:00:00,2020,251,8,13,0,-11,71.3
2020-09-07 10:00:00,2020,251,9,7,0,-11,71.3
2020-09-07 11:00:00,2020,251,10,7,0,-13,71.3
2020-09-07 12:00:00,2020,251,11,7,0,-14,71.3
2020-09-07 13:00:00,2020,251,12,7,0,-15,71.3
2020-09-07 14:00:00,2020,251,13,7,0,-12,71.3
2020-09-07 15:00:00,2020,251,14,7,0,-12,71.3
2020-09-07 16:00:00,2020,251,15,10,0,-10,71.3
2020-09-07 17:00:00,2020,251,16,10,0,-13,71.3
2020-09-07 18:00:00,2020,251,17,10,0,-12,71.3
2020-09-07 19:00:00,2020,251,18,3,0,-9,71.3
2020-09-07 20:00:00,2020,251,19,3,0,-8,71.3
2020-09-07 21:00:00,2020,251,20,3,0,-10,71.3
2020-09-07 22:00:00,2020,251,21,0,0,-14,71.3
2020-09-07 23:00:00,2020,251,22,0,0,-16,71.3
2020-09-08 00:00:00,2020,251,23,0,0,-16,71.3
2020-09-08 01:00:00,2020,252,0,7,0,-12,70.9
2020-09-08 02:00:00,2020,252,1,7,0,-12,70.9
2020-09-08 03:00:00,2020,252,2,7,0,-13,70.9
2020-09-08 04:00:00,2020,252,3,3,0,-12,70.9
2020-09-08 05:00:00,2020,252,4,3,0,-12,70.9
2020-09-08 06:00:00,2020,252,5,3,0,-12,70.9
2020-09-08 07:00:00,2020,252,6,10,0,-9,70.9
2020-09-08 08:00:00,2020,252,7,10,0,-6,70.9
2020-09-08 09:00:00,2020,252,8,10,0,-6,70.9
2020-09-08 10:00:00,2020,252,9,10,0,-1,70.9
2020-09-08 11:00:00,2020,252,10,10,0,2,70.9
2020-09-08 12:00:00,2020,252,11,10,0,1,70.9
2020-09-08 13:00:00,2020,252,12,7,0,2,70.9
2020-09-08 14:00:00,2020,252,13,7,0,3,70.9
2020-09-08 15:00:00,2020,252,14,7,0,-1,70.9
2020-09-08 16:00:00,2020,252,15,13,0,-6,70.9
2020-09-08 17:00:00,2020,252,16,13,0,-7,70.9
2020-09-08 18:00:00,2020,252,17,13,0,-9,70.9
2020-09-08 19:00:00,2020,252,18,10,0,-7,70.9
2020-09-08 20:00:00,2020,252,19,10,0,-5,70.9
2020-09-08 21:00:00,2020,252,20,10,0,-3,70.9
2020-09-08 22:00:00,2020,252,21,0,0,-2,70.9
2020-09-08 23:00:00,2020,252,22,0,0,-2,70.9
2020-09-09 00:00:00,2020,252,23,0,0,-2,70.9
2020-09-09 01:00:00,2020,253,0,7,0,-3,70.7
2020-09-09 02:00:00,2020,253,1,7,0,-4,70.7
2020-09-09 03:00:00,2020,253,2,7,0,-4,70.7
2020-09-09 04:00:00,2020,253,3,0,0,-5,70.7
2020-09-09 05:00:00,2020,253,4,0,0,-5,70.7
2020-09-09 06:00:00,2020,253,5,0,0,-6,70.7
2020-09-09 07:00:00,2020,253,6,0,0,-2,70.7
2020-09-09 08:00:00,2020,253,7,0,0,0,70.7
2020-09-09 09:00:00,2020,253,8,0,0,0,70.7
2020-09-09 10:00:00,2020,253,9,0,0,1,70.7
2020-09-09 11:00:00,2020,253,10,0,0,2,70.7
2020-09-09 12:00:00,2020,253,11,0,0,1,70.7
2020-09-09 13:00:00,2020,253,12,0,0,1,70.7
2020-09-09 14:00:00,2020,253,13,0,0,0,70.7
2020-09-09 15:00:00,2020,253,14,0,0,-1,70.7
2020-09-09 16:00:00,2020,253,15,3,0,-2,70.7
2020-09-09 17:00:00,2020,253,16,3,0,-1,70.7
2020-09-09 18:00:00,2020,253,17,3,0,0,70.7
2020-09-09 19:00:00,2020,253,18,0,0,0,70.7
2020-09-09 20:00:00,2020,253,19,0,0,1,70.7
2020-09-09 21:00:00,2020,253,20,0,0,0,70.7
2020-09-09 22:00:00,2020,253,21,0,0,-1,70.7
2020-09-09 23:00:00,2020,253,22,0,0,1,70.7
2020-09-10 00:00:00,2020,253,23,0,0,1,70.7
2020-09-10 01:00:00,2020,254,0,0,0,0,70.2
2020-09-10 02:00:00,2020,254,1,0,0,0,70.2
2020-09-10 03:00:00,2020,254,2,0,0,0,70.2
2020-09-10 04:00:00,2020,254,3,0,0,-1,70.2
2020-09-10 05:00:00,2020,254,4,0,0,-1,70.2
2020-09-10 06:00:00,2020,254,5,0,0,-2,70.2
2020-09-10 07:00:00,2020,254,6,0,0,-3,70.2
2020-09-10 08:00:00,2020,254,7,0,0,-1,70.2
2020-09-10 09:00:00,2020,254,8,0,0,1,70.2
2020-09-10 10:00:00,2020,254,9,3,0,3,70.2
2020-09-10 11:00:00,2020,254,10,3,0,-1,70.2
2020-09-10 12:00:00,2020,254,11,3,0,1,70.2
2020-09-10 13:00:00,2020,254,12,3,0,2,70.2
2020-09-10 14:00:00,2020,254,13,3,0,4,70.2
2020-09-10 15:00:00,2020,254,14,3,0,3,70.2
2020-09-10 16:00:00,2020,254,15,3,0,2,70.2
2020-09-10 17:00:00,2020,254,16,3,0,2,70.2
2020-09-10 18:00:00,2020,254,17,3,0,4,70.2
2020-09-10 19:00:00,2020,254,18,10,0,3,70.2
2020-09-10 20:00:00,2020,254,19,10,0,1,70.2
2020-09-10 21:00:00,2020,254,20,10,0,1,70.2
2020-09-10 22:00:00,2020,254,21,3,0,4,70.2
2020-09-10 23:00:00,2020,254,22,3,0,4,70.2
2020-09-11 00:00:00,2020,254,23,3,0,2,70.2
2020-09-11 01:00:00,2020,255,0,0,0,2,69.6
2020-09-11 02:00:00,2020,255,1,0,0,4,69.6
2020-09-11 03:00:00,2020,255,2,0,0,3,69.6
2020-09-11 04:00:00,2020,255,3,0,0,4,69.6
2020-09-11 05:00:00,2020,255,4,0,0,2,69.6
2020-09-11 06:00:00,2020,255,5,0,0,2,69.6
2020-09-11 07:00:00,2020,255,6,3,0,2,69.6
2020-09-11 08:00:00,2020,255,7,3,0,2,69.6
2020-09-11 09:00:00,2020,255,8,3,0,-1,69.6
2020-09-11 10:00:00,2020,255,9,3,0,-2,69.6
2020-09-11 11:00:00,2020,255,10,3,0,-1,69.6
2020-09-11 12:00:00,2020,255,11,3,0,-2,69.6
2020-09-11 13:00:00,2020,255,12,0,0,-2,69.6
2020-09-11 14:00:00,2020,255,13,0,0,-1,69.6
2020-09-11 15:00:00,2020,255,14,0,0,-1,69.6
2020-09-11 16:00:00,2020,255,15,7,0,-1,69.6
2020-09-11 17:00:00,2020,255,16,7,0,0,69.6
2020-09-11 18:00:00,2020,255,17,7,0,-2,69.6
2020-09-11 19:00:00,2020,255,18,10,0,0,69.6
2020-09-11 20:00:00,2020,255,19,10,0,-1,69.6
2020-09-11 21:00:00,2020,255,20,10,0,-2,69.6
2020-09-11 22:00:00,2020,255,21,10,0,-6,69.6
2020-09-11 23:00:00,2020,255,22,10,0,-10,69.6
2020-09-12 00:00:00,2020,255,23,10,0,-11,69.6
2020-09-12 01:00:00,2020,256,0,13,0,-10,70.2
2020-09-12 02:00:00,2020,256,1,13,0,-8,70.2
2020-09-12 03:00:00,2020,256,2,13,0,-7,70.2
2020-09-12 04:00:00,2020,256,3,13,0,-5,70.2
2020-09-12 05:00:00,2020,256,4,13,0,-5,70.2
2020-09-12 06:00:00,2020,256,5,13,0,-8,70.2
2020-09-12 07:00:00,2020,256,6,20,0,-8,70.2
2020-09-12 08:00:00,2020,256,7,20,0,-7,70.2
2020-09-12 09:00:00,2020,256,8,20,0,-8,70.2
2020-09-12 10:00:00,2020,256,9,13,0,-8,70.2
2020-09-12 11:00:00,2020,256,10,13,0,-2,70.2
2020-09-12 12:00:00,2020,256,11,13,0,1,70.2
2020-09-12 13:00:00,2020,256,12,3,0,1,70.2
2020-09-12 14:00:00,2020,256,13,3,0,1,70.2
2020-09-12 15:00:00,2020,256,14,3,0,-2,70.2
2020-09-12 16:00:00,2020,256,15,7,0,-5,70.2
2020-09-12 17:00:00,2020,256,16,7,0,-4,70.2
2020-09-12 18:00:00,2020,256,17,7,0,-2,70.2
2020-09-12 19:00:00,2020,256,18,13,0,0,70.2
2020-09-12 20:00:00,2020,256,19,13,0,-1,70.2
2020-09-12 21:00:00,2020,256,20,13,0,-3,70.2
2020-09-12 22:00:00,2020,256,21,10,0,-5,70.2
2020-09-12 23:00:00,2020,256,22,10,0,-8,70.2
2020-09-13 00:00:00,2020,256,23,10,0,-9,70.2
2020-09-13 01:00:00,2020,257,0,10,0,-7,70.6
2020-09-13 02:00:00,2020,257,1,10,0,-8,70.6
2020-09-13 03:00:00,2020,257,2,10,0,-11,70.6
2020-09-13 04:00:00,2020,257,3,13,0,-11,70.6
2020-09-13 05:00:00,2020,257,4,13,0,-6,70.6
2020-09-13 06:00:00,2020,257,5,13,0,-5,70.6
2020-09-13 07:00:00,2020,257,6,13,0,-6,70.6
2020-09-13 08:00:00,2020,257,7,13,0,-9,70.6
2020-09-13 09:00:00,2020,257,8,13,0,-8,70.6
2020-09-13 10:00:00,2020,257,9,3,0,-6,70.6
2020-09-13 11:00:00,2020,257,10,3,0,-3,70.6
2020-09-13 12:00:00,2020,257,11,3,0,-2,70.6
2020-09-13 13:00:00,2020,257,12,13,0,0,70.6
2020-09-13 14:00:00,2020,257,13,13,0,2,70.6
2020-09-13 15:00:00,2020,257,14,13,0,0,70.6
2020-09-13 16:00:00,2020,257,15,17,0,1,70.6
2020-09-13 17:00:00,2020,257,16,17,0,1,70.6
2020-09-13 18:00:00,2020,257,17,17,0,9,70.6
2020-09-13 19:00:00,2020,257,18,13,0,8,70.6
2020-09-13 20:00:00,2020,257,19,13,0,8,70.6
2020-09-13 21:00:00,2020,257,20,13,0,12,70.6
2020-09-13 22:00:00,2020,257,21,30,0,8,70.6
2020-09-13 23:00:00,2020,257,22,30,0,8,70.6
2020-09-14 00:00:00,2020,257,23,30,0,9,70.6
2020-09-14 01:00:00,2020,258,0,33,2,4,69.7
2020-09-14 02:00:00,2020,258,1,33,2,-10,69.7
2020-09-14 03:00:00,2020,258,2,33,2,-19,69.7
2020-09-14 04:00:00,2020,258,3,33,2,-24,69.7
2020-09-14 05:00:00,2020,258,4,33,2,-35,69.7
2020-09-14 06:00:00,2020,258,5,33,2,-34,69.7
2020-09-14 07:00:00,2020,258,6,23,2,-29,69.7
2020-09-14 08:00:00,2020,258,7,23,2,-26,69.7
2020-09-14 09:00:00,2020,258,8,23,2,-29,69.7
2020-09-14 10:00:00,2020,258,9,27,2,-15,69.7
2020-09-14 11:00:00,2020,258,10,27,2,-10,69.7
2020-09-14 12:00:00,2020,258,11,27,2,-6,69.7
2020-09-14 13:00:00,2020,258,12,30,2,-12,69.7
2020-09-14 14:00:00,2020,258,13,30,2,-13,69.7
2020-09-14 15:00:00,2020,258,14,30,2,-10,69.7
2020-09-14 16:00:00,2020,258,15,10,2,-9,69.7
2020-09-14 17:00:00,2020,258,16,10,2,-8,69.7
2020-09-14 18:00:00,2020,258,17,10,2,-6,69.7
2020-09-14 19:00:00,2020,258,18,7,2,-7,69.7
2020-09-14 20:00:00,2020,258,19,7,2,-8,69.7
2020-09-14 21:00:00,2020,258,20,7,2,-10,69.7
2020-09-14 22:00:00,2020,258,21,20,2,-12,69.7
2020-09-14 23:00:00,2020,258,22,20,2,-14,69.7
2020-09-15 00:00:00,2020,258,23,20,2,-17,69.7
2020-09-15 01:00:00,2020,259,0,23,0,-17,69.6
2020-09-15 02:00:00,2020,259,1,23,0,-18,69.6
2020-09-15 03:00:00,2020,259,2,23,0,-16,69.6
2020-09-15 04:00:00,2020,259,3,20,0,-17,69.6
2020-09-15 05:00:00,2020,259,4,20,0,-20,69.6
2020-09-15 06:00:00,2020,259,5,20,0,-18,69.6
2020-09-15 07:00:00,2020,259,6,13,0,-19,69.6
2020-09-15 08:00:00,2020,259,7,13,0,-16,69.6
2020-09-15 09:00:00,2020,259,8,13,0,-20,69.6
2020-09-15 10:00:00,2020,259,9,13,0,-23,69.6
2020-09-15 11:00:00,2020,259,10,13,0,-26,69.6
2020-09-15 12:00:00,2020,259,11,13,0,-23,69.6
2020-09-15 13:00:00,2020,259,12,3,0,-16,69.6
2020-09-15 14:00:00,2020,259,13,3,0,-13,69.6
2020-09-15 15:00:00,2020,259,14,3,0,-14,69.6
2020-09-15 16:00:00,2020,259,15,7,0,-15,69.6
2020-09-15 17:00:00,2020,259,16,7,0,-15,69.6
2020-09-15 18:00:00,2020,259,17,7,0,-13,69.6
2020-09-15 19:00:00,2020,259,18,13,0,-11,69.6
2020-09-15 20:00:00,2020,259,19,13,0,-9,69.6
2020-09-15 21:00:00,2020,259,20,13,0,-9,69.6
2020-09-15 22:00:00,2020,259,21,13,0,-12,69.6
2020-09-15 23:00:00,2020,259,22,13,0,-15,69.6
2020-09-16 00:00:00,2020,259,23,13,0,-17,69.6
2020-09-16 01:00:00,2020,260,0,0,0,-15,70.2
2020-09-16 02:00:00,2020,260,1,0,0,-12,70.2
2020-09-16 03:00:00,2020,260,2,0,0,-12,70.2
2020-09-16 04:00:00,2020,260,3,3,0,-13,70.2
2020-09-16 05:00:00,2020,260,4,3,0,-11,70.2
2020-09-16 06:00:00,2020,260,5,3,0,-9,70.2
2020-09-16 07:00:00,2020,260,6,10,0,-6,70.2
2020-09-16 08:00:00,2020,260,7,10,0,-7,70.2
2020-09-16 09:00:00,2020,260,8,10,0,-6,70.2
2020-09-16 10:00:00,2020,260,9,10,0,-4,70.2
2020-09-16 11:00:00,2020,260,10,10,0,0,70.2
2020-09-16 12:00:00,2020,260,11,10,0,3,70.2
2020-09-16 13:00:00,2020,260,12,0,0,4,70.2
2020-09-16 14:00:00,2020,260,13,0,0,2,70.2
2020-09-16 15:00:00,2020,260,14,0,0,0,70.2
2020-09-16 16:00:00,2020,260,15,10,0,-2,70.2
2020-09-16 17:00:00,2020,260,16,10,0,-4,70.2
2020-09-16 18:00:00,2020,260,17,10,0,-4,70.2
2020-09-16 19:00:00,2020,260,18,10,0,-4,70.2
2020-09-16 20:00:00,2020,260,19,10,0,-4,70.2
2020-09-16 21:00:00,2020,260,20,10,0,-6,70.2
2020-09-16 22:00:00,2020,260,21,3,0,-13,70.2
2020-09-16 23:00:00,2020,260,22,3,0,-17,70.2
2020-09-17 00:00:00,2020,260,23,3,0,-15,70.2
